Price,Open,High,Low,Close,RSI,EMA10,EMA200,MACD,MACD_signal
Ticker,EURUSD=X,EURUSD=X,EURUSD=X,EURUSD=X,,,,,
Datetime,,,,,,,,,
2025-09-02 23:00:00+00:00,1.1641442775726318,1.1641442775726318,1.1637378931045532,1.1637378931045532,,,,,
2025-09-02 23:15:00+00:00,1.1637378931045532,1.163873314857483,1.1637378931045532,1.1637378931045532,,,,,
2025-09-02 23:30:00+00:00,1.163873314857483,1.163873314857483,1.1637378931045532,1.1637378931045532,,,,,
2025-09-02 23:45:00+00:00,1.163602590560913,1.163873314857483,1.163602590560913,1.1637378931045532,,,,,
2025-09-03 00:00:00+00:00,1.163602590560913,1.1637378931045532,1.1631964445114136,1.1631964445114136,,,,,
2025-09-03 00:15:00+00:00,1.1633317470550537,1.163602590560913,1.1633317470550537,1.1634671688079834,,,,,
2025-09-03 00:30:00+00:00,1.1634671688079834,1.163602590560913,1.1631964445114136,1.1631964445114136,,,,,
2025-09-03 00:45:00+00:00,1.1633317470550537,1.163873314857483,1.1633317470550537,1.163602590560913,,,,,
2025-09-03 01:00:00+00:00,1.1637378931045532,1.163873314857483,1.1633317470550537,1.1634671688079834,,,,,
2025-09-03 01:15:00+00:00,1.1633317470550537,1.1634671688079834,1.163061261177063,1.1633317470550537,,1.1634952353807473,,,
2025-09-03 01:30:00+00:00,1.163602590560913,1.1637378931045532,1.1634671688079834,1.1634671688079834,,1.1634901323675173,,,
2025-09-03 01:45:00+00:00,1.1634671688079834,1.163602590560913,1.1631964445114136,1.1633317470550537,,1.1634613350379783,,,
2025-09-03 02:00:00+00:00,1.1633317470550537,1.163873314857483,1.1633317470550537,1.163602590560913,,1.16348701786033,,,
2025-09-03 02:15:00+00:00,1.1634671688079834,1.163873314857483,1.1634671688079834,1.163602590560913,50.6556439881119,1.1635080310786179,,,
2025-09-03 02:30:00+00:00,1.1634671688079834,1.163602590560913,1.1629259586334229,1.163061261177063,36.612708656332195,1.163426800187426,,,
2025-09-03 02:45:00+00:00,1.1633317470550537,1.1633317470550537,1.163061261177063,1.163061261177063,36.6127086563322,1.163360338549178,,,
2025-09-03 03:00:00+00:00,1.1631964445114136,1.1633317470550537,1.1631964445114136,1.1631964445114136,41.323814356314124,1.1633305396332208,,,
2025-09-03 03:15:00+00:00,1.1631964445114136,1.1631964445114136,1.1629259586334229,1.1629259586334229,35.61937379613198,1.1632569794514394,,,
2025-09-03 03:30:00+00:00,1.163061261177063,1.163061261177063,1.1627906560897827,1.1627906560897827,33.15393731293368,1.1631721933856836,,,
2025-09-03 03:45:00+00:00,1.1629259586334229,1.163061261177063,1.1626555919647217,1.1627906560897827,33.15393731293368,1.163102822968247,,,
2025-09-03 04:00:00+00:00,1.1627906560897827,1.163061261177063,1.1626555919647217,1.163061261177063,42.40133102331216,1.1630952662789407,,,
2025-09-03 04:15:00+00:00,1.1631964445114136,1.1631964445114136,1.1629259586334229,1.163061261177063,42.40133102331216,1.1630890835331447,,,
2025-09-03 04:30:00+00:00,1.1631964445114136,1.1633317470550537,1.1631964445114136,1.1633317470550537,50.36178250021399,1.1631332041734916,,,
2025-09-03 04:45:00+00:00,1.1633317470550537,1.1634671688079834,1.1631964445114136,1.1634671688079834,53.804146314469754,1.1631939250161265,,,
2025-09-03 05:00:00+00:00,1.1634671688079834,1.1634671688079834,1.1633317470550537,1.1634671688079834,53.80414631446975,1.1632436057055549,,,
2025-09-03 05:15:00+00:00,1.1634671688079834,1.1637378931045532,1.1634671688079834,1.1637378931045532,60.20296084237561,1.1633334761417362,,-4.1990660508250954e-05,
2025-09-03 05:30:00+00:00,1.163602590560913,1.163602590560913,1.1631964445114136,1.1631964445114136,46.36918665704857,1.1633085612998593,,-4.876672202436261e-05,
2025-09-03 05:45:00+00:00,1.1631964445114136,1.1633317470550537,1.163061261177063,1.1633317470550537,49.492476717651634,1.1633127768917126,,-4.27264907050251e-05,
2025-09-03 06:00:00+00:00,1.1631964445114136,1.163602590560913,1.1631964445114136,1.1634671688079834,52.47566805762269,1.1633408481492162,,-2.6704329287197126e-05,
2025-09-03 06:15:00+00:00,1.1637378931045532,1.163873314857483,1.1634671688079834,1.163873314857483,60.089314562558684,1.163437660277992,,1.8552084083189868e-05,
2025-09-03 06:30:00+00:00,1.1640088558197021,1.1645511388778687,1.1640088558197021,1.1642799377441406,65.96774847380001,1.1635908016354735,,8.623512159577906e-05,
2025-09-03 06:45:00+00:00,1.1641442775726318,1.1642799377441406,1.163602590560913,1.163602590560913,52.18031717576966,1.1635929450764624,,8.424701247689015e-05,
2025-09-03 07:00:00+00:00,1.1637378931045532,1.1637378931045532,1.1633317470550537,1.1634671688079834,49.9333130619408,1.1635700766640116,,7.09264223355266e-05,
2025-09-03 07:15:00+00:00,1.1633317470550537,1.1633317470550537,1.16130530834198,1.1621150970458984,34.13046528511701,1.1633055349152637,,-4.817579224170032e-05,9.766467956014768e-06
2025-09-03 07:30:00+00:00,1.162520408630371,1.1631964445114136,1.162520408630371,1.1626555919647217,42.02877257639669,1.1631873634697105,,-9.782407746317112e-05,-1.1751641127822413e-05
2025-09-03 07:45:00+00:00,1.163061261177063,1.1640088558197021,1.163061261177063,1.163873314857483,55.09349588857702,1.163312081903851,,-3.846721458211633e-05,-1.7094755818681197e-05
2025-09-03 08:00:00+00:00,1.1641442775726318,1.1652295589447021,1.1641442775726318,1.164958119392395,63.07668036908196,1.1636113614472225,,9.50129367802699e-05,5.326782701109022e-06
2025-09-03 08:15:00+00:00,1.1650937795639038,1.16604483127594,1.1650937795639038,1.1656370162963867,67.02724501515536,1.1639796623288887,,0.000252665652419104,5.479455664470802e-05
2025-09-03 08:30:00+00:00,1.1653653383255005,1.1653653383255005,1.164686679840088,1.164958119392395,60.10204436449489,1.1641575636131625,,0.00031914633868490583,0.00010766491305274759
2025-09-03 08:45:00+00:00,1.1650937795639038,1.16604483127594,1.1650937795639038,1.1659088134765625,65.48060226901836,1.164475972679235,,0.0004434341954513421,0.0001748187695324665
2025-09-03 09:00:00+00:00,1.1661807298660278,1.1661807298660278,1.1657729148864746,1.1657729148864746,64.14933213920114,1.1647117803532785,,0.0005249164270939577,0.00024483830104476474
2025-09-03 09:15:00+00:00,1.1659088134765625,1.16604483127594,1.1656370162963867,1.1659088134765625,64.91745258734751,1.16492942273933,,0.0005936147419536297,0.00031459358922653773
2025-09-03 09:30:00+00:00,1.16604483127594,1.1667250394821167,1.16604483127594,1.1665889024734497,68.54907719006604,1.1652311463273517,,0.0006949254813595207,0.00039065996765313434
2025-09-03 09:45:00+00:00,1.1667250394821167,1.1667250394821167,1.1657729148864746,1.1659088134765625,61.673728670645914,1.165354358536299,,0.0007121284998732325,0.000454953674097154
2025-09-03 10:00:00+00:00,1.1657729148864746,1.16604483127594,1.1655012369155884,1.1655012369155884,57.924162648496136,1.16538106369617,,0.0006849779938462586,0.0005009585380469749
2025-09-03 10:15:00+00:00,1.1655012369155884,1.1657729148864746,1.1650937795639038,1.1650937795639038,54.36569221069574,1.165328830217576,,0.0006233964924788893,0.0005254461289333579
2025-09-03 10:30:00+00:00,1.1648223400115967,1.1650937795639038,1.1644154787063599,1.1644154787063599,48.972109968278716,1.1651627663064457,,0.0005139351737974973,0.0005231439379061858
2025-09-03 10:45:00+00:00,1.1644154787063599,1.1648223400115967,1.1644154787063599,1.164686679840088,51.06259534763372,1.1650762051307442,,0.00044395234875982403,0.0005073056200769134
2025-09-03 11:00:00+00:00,1.1648223400115967,1.164958119392395,1.164686679840088,1.164958119392395,53.13216811017829,1.1650547349964988,,0.00040571651167775613,0.000486987798397082
2025-09-03 11:15:00+00:00,1.1648223400115967,1.164958119392395,1.1644154787063599,1.1644154787063599,48.69834956338221,1.16493850658011,,0.0003278485331785763,0.0004551599453533809
2025-09-03 11:30:00+00:00,1.1644154787063599,1.1650937795639038,1.1644154787063599,1.1648223400115967,51.93690146408345,1.1649173853858348,,0.0002955608645933694,0.0004232401292013786
2025-09-03 11:45:00+00:00,1.1648223400115967,1.1657729148864746,1.1648223400115967,1.1656370162963867,57.695647730661896,1.1650482273695715,,0.00033188446474952116,0.00040496899631100713
2025-09-03 12:00:00+00:00,1.1656370162963867,1.16604483127594,1.1656370162963867,1.16604483127594,60.26238134931936,1.16522942807982,,0.00038909321577929035,0.00040179384020466377
2025-09-03 12:15:00+00:00,1.1661807298660278,1.1661807298660278,1.1655012369155884,1.1659088134765625,58.97710518178815,1.1653529526974096,,0.0004186303533504354,0.00040516114283381814
2025-09-03 12:30:00+00:00,1.1657729148864746,1.16604483127594,1.164958119392395,1.164958119392395,50.818729515763174,1.1652811648237704,,0.0003611624247521483,0.0003963613992174842
2025-09-03 12:45:00+00:00,1.164958119392395,1.1655012369155884,1.1648223400115967,1.1650937795639038,51.8424488270314,1.1652470947765219,,0.00032284377728419855,0.00038165787483082706
2025-09-03 13:00:00+00:00,1.1650937795639038,1.1650937795639038,1.1645511388778687,1.164958119392395,50.70580725292673,1.1651945537975896,,0.00027832101954894384,0.00036099050377445043
2025-09-03 13:15:00+00:00,1.1648223400115967,1.1650937795639038,1.164686679840088,1.1650937795639038,51.8428671299426,1.1651762312096468,,0.00025108866156275944,0.00033901013533211226
2025-09-03 13:30:00+00:00,1.164958119392395,1.1653653383255005,1.164686679840088,1.164958119392395,50.58624500309046,1.1651365745156008,,0.00021606946528152093,0.000314422001321994
2025-09-03 13:45:00+00:00,1.164686679840088,1.1656370162963867,1.1642799377441406,1.1652295589447021,53.039023132440185,1.1651534807754373,,0.0002078237405696015,0.00029310234917151554
2025-09-03 14:00:00+00:00,1.1663167476654053,1.1678149700164795,1.1663167476654053,1.1672697067260742,66.49893467154892,1.1655382491300985,,0.0003617418847872145,0.0003068302562946553
2025-09-03 14:15:00+00:00,1.1676785945892334,1.1683608293533325,1.1676785945892334,1.1679514646530151,69.63137930019293,1.1659770155888105,,0.0005325958565109978,0.00035198337633792387
2025-09-03 14:30:00+00:00,1.1679514646530151,1.1680878400802612,1.1671334505081177,1.1675423383712769,65.66348082041958,1.1662616197310771,,0.0006277494830331243,0.00040713659767696396
2025-09-03 14:45:00+00:00,1.1674060821533203,1.1675423383712769,1.1665889024734497,1.1667250394821167,58.492714890711795,1.1663458778676297,,0.0006299485726768417,0.0004516989926769395
2025-09-03 15:00:00+00:00,1.1667250394821167,1.1683608293533325,1.1667250394821167,1.1680878400802612,65.29781549662226,1.1666625982699261,,0.0007332060430740306,0.0005080004027563578
2025-09-03 15:15:00+00:00,1.1678149700164795,1.1684973239898682,1.1678149700164795,1.1684973239898682,67.04607760796256,1.166996184764461,,0.0008384155292733286,0.000574083428059752
2025-09-03 15:30:00+00:00,1.1684973239898682,1.1684973239898682,1.1679514646530151,1.1679514646530151,62.524125652550154,1.1671698720169252,,0.0008677456864123467,0.000632815879730271
2025-09-03 15:45:00+00:00,1.1678149700164795,1.1683608293533325,1.1676785945892334,1.1678149700164795,61.40879744089056,1.1672871625622987,,0.0008699478534910376,0.0006802422744824244
2025-09-03 16:00:00+00:00,1.1678149700164795,1.1678149700164795,1.1672697067260742,1.1674060821533203,58.0671626588672,1.1673087843061207,,0.0008291414271783815,0.0007100221050216158
2025-09-03 16:15:00+00:00,1.1674060821533203,1.1675423383712769,1.1671334505081177,1.1674060821533203,58.0671626588672,1.1673264748237933,,0.0007877216751990268,0.000725562019057098
2025-09-03 16:30:00+00:00,1.1675423383712769,1.1676785945892334,1.1672697067260742,1.1672697067260742,56.87010872103646,1.1673161533514806,,0.0007354144659170725,0.000727532508429093
2025-09-03 16:45:00+00:00,1.1674060821533203,1.1680878400802612,1.1674060821533203,1.1678149700164795,60.38638067765516,1.1674068472905712,,0.0007295490292078544,0.0007279358125848453
2025-09-03 17:00:00+00:00,1.1680878400802612,1.1680878400802612,1.1676785945892334,1.1679514646530151,61.23830470420595,1.1675058686291973,,0.0007275281135701306,0.0007278542727819024
2025-09-03 17:15:00+00:00,1.1678149700164795,1.1680878400802612,1.1675423383712769,1.1676785945892334,58.52843598865297,1.1675372733492038,,0.0006958864439390311,0.0007214607070133282
2025-09-03 17:30:00+00:00,1.1676785945892334,1.1676785945892334,1.1669973134994507,1.1669973134994507,52.30508712367141,1.1674390988310668,,0.0006088184227475146,0.0006989322501601656
2025-09-03 17:45:00+00:00,1.1668611764907837,1.1669973134994507,1.1663167476654053,1.1664528846740723,47.92004374224683,1.1672597871661585,,0.0004902344152568627,0.0006571926831795051
2025-09-03 18:00:00+00:00,1.1661807298660278,1.1671334505081177,1.1661807298660278,1.1669973134994507,52.23270453376653,1.1672120646813025,,0.00043517021978556336,0.0006127881905007167
2025-09-03 18:15:00+00:00,1.1669973134994507,1.1671334505081177,1.1667250394821167,1.1667250394821167,50.002640174045425,1.167123514645087,,0.00036534968668267,0.0005633004897371074
2025-09-03 18:30:00+00:00,1.1668611764907837,1.1668611764907837,1.1663167476654053,1.1665889024734497,48.8789377182804,1.167026312432062,,0.00029562352829892724,0.0005097650974494714
2025-09-03 18:45:00+00:00,1.1665889024734497,1.1667250394821167,1.1665889024734497,1.1665889024734497,48.878937718280405,1.1669467833486777,,0.0002376258426330935,0.0004553372464861958
2025-09-03 19:00:00+00:00,1.1663167476654053,1.1664528846740723,1.1661807298660278,1.1661807298660278,45.336188444703936,1.1668075008972867,,0.0001569172958055809,0.00039565325635007283
2025-09-03 19:15:00+00:00,1.1661807298660278,1.1661807298660278,1.1659088134765625,1.1661807298660278,45.336188444703936,1.1666935425279668,,9.189587255553633e-05,0.0003349017795911656
2025-09-03 19:30:00+00:00,1.1661807298660278,1.1665889024734497,1.1661807298660278,1.1664528846740723,48.23738016888881,1.1666497865545313,,6.161627067879927e-05,0.00028024467780869233
2025-09-03 19:45:00+00:00,1.1663167476654053,1.1664528846740723,1.1661807298660278,1.1661807298660278,45.62939047870613,1.1665645035202579,,1.5480401094558616e-05,0.0002272918224658656
2025-09-03 20:00:00+00:00,1.1661807298660278,1.1664528846740723,1.1659088134765625,1.1664528846740723,48.62091916299995,1.1665442091845877,,8.680047560716275e-07,0.00018200705892390683
2025-09-03 20:15:00+00:00,1.1663167476654053,1.1667250394821167,1.1661807298660278,1.1667250394821167,51.49500739104217,1.166577087420502,,1.1120009351772708e-05,0.00014782964900948
2025-09-03 20:30:00+00:00,1.1668611764907837,1.1668611764907837,1.1664528846740723,1.1664528846740723,48.56911316213152,1.166554505102969,,-2.684872126179627e-06,0.00011772674478234809
2025-09-03 20:45:00+00:00,1.1665889024734497,1.1665889024734497,1.1664528846740723,1.1664528846740723,48.56911316213153,1.1665360286613515,,-1.3470065624687777e-05,9.148738270094092e-05
2025-09-03 21:00:00+00:00,1.1667250394821167,1.1667250394821167,1.1661807298660278,1.1664528846740723,48.56911316213153,1.1665209115727553,,-2.176649852958512e-05,6.883660645483572e-05
2025-09-03 21:15:00+00:00,1.1665889024734497,1.1667250394821167,1.16604483127594,1.1664528846740723,48.56911316213153,1.166508543045722,,-2.801850153444363e-05,4.946558485697985e-05
2025-09-03 21:30:00+00:00,1.1665889024734497,1.1665889024734497,1.1663167476654053,1.1664528846740723,48.56911316213153,1.1664984233417857,,-3.259749532413814e-05,3.305296882075625e-05
2025-09-03 21:45:00+00:00,1.1664528846740723,1.1667250394821167,1.1663167476654053,1.1664528846740723,48.56911316213153,1.1664901435840196,,-3.581354464277098e-05,1.9279666128050807e-05
2025-09-03 22:00:00+00:00,1.1664528846740723,1.1667250394821167,1.1663167476654053,1.1664528846740723,48.56911316213153,1.1664833692367564,,-3.7925109839465065e-05,7.838710934547633e-06
2025-09-03 22:15:00+00:00,1.1664528846740723,1.1664528846740723,1.1663167476654053,1.1663167476654053,46.35576260794315,1.1664530744056016,,-5.000720736791919e-05,-3.730472725945733e-06
2025-09-03 22:30:00+00:00,1.1664528846740723,1.1665889024734497,1.1664528846740723,1.1665889024734497,51.14858834780056,1.1664777704179377,,-3.719300043214524e-05,-1.0422978267185635e-05
2025-09-03 22:45:00+00:00,1.1665889024734497,1.1665889024734497,1.1663167476654053,1.1663167476654053,46.659168316690206,1.1664484935538408,,-4.843988281444389e-05,-1.8026359176637288e-05
2025-09-03 23:00:00+00:00,1.1663167476654053,1.1664528846740723,1.1663167476654053,1.1664528846740723,49.06739494049068,1.1664492919393374,,-4.583958902859564e-05,-2.358900514702896e-05
2025-09-03 23:15:00+00:00,1.1664528846740723,1.1665889024734497,1.1664528846740723,1.1664528846740723,49.06739494049068,1.1664499451638346,,-4.3279933338524756e-05,-2.752719078532812e-05
2025-09-03 23:30:00+00:00,1.1664528846740723,1.1664528846740723,1.16604483127594,1.1663167476654053,46.62601572428768,1.1664257274368475,,-5.164121879319694e-05,-3.2349996386901885e-05
2025-09-03 23:45:00+00:00,1.1663167476654053,1.1664528846740723,1.1661807298660278,1.1664528846740723,49.34050293046601,1.1664306651163427,,-4.674364723245006e-05,-3.5228726556011524e-05
2025-09-04 00:00:00+00:00,1.1663167476654053,1.1664528846740723,1.16604483127594,1.1663167476654053,46.77844670706464,1.1664099528525358,,-5.323375969545907e-05,-3.882973318390103e-05
2025-09-04 00:15:00+00:00,1.1664528846740723,1.1664528846740723,1.1663167476654053,1.1663167476654053,46.77844670706464,1.1663930064548755,,-5.7711953110217706e-05,-4.260617716916437e-05
2025-09-04 00:30:00+00:00,1.16604483127594,1.1661807298660278,1.16604483127594,1.16604483127594,41.75582260919055,1.1663297018768872,,-8.225415904083988e-05,-5.0535773543499474e-05
2025-09-04 00:45:00+00:00,1.16604483127594,1.1663167476654053,1.1659088134765625,1.1661807298660278,44.93783877945185,1.166302616056731,,-8.970410055741951e-05,-5.8369438946283485e-05
2025-09-04 01:00:00+00:00,1.1663167476654053,1.1663167476654053,1.1657729148864746,1.1659088134765625,40.204869939576916,1.1662310155876092,,-0.00011621001628348004,-6.993755441372281e-05
2025-09-04 01:15:00+00:00,1.16604483127594,1.1663167476654053,1.1659088134765625,1.1663167476654053,48.900097259156965,1.1662466032381176,,-0.00010311067004975527,-7.65721775409293e-05
2025-09-04 01:30:00+00:00,1.1663167476654053,1.1672697067260742,1.1663167476654053,1.1664528846740723,51.438041636825496,1.1662841089537457,,-8.081266680992627e-05,-7.74202753947287e-05
2025-09-04 01:45:00+00:00,1.1664528846740723,1.1664528846740723,1.16604483127594,1.1663167476654053,48.826469465730554,1.1662900432649566,,-7.328171149501017e-05,-7.659256261478499e-05
2025-09-04 02:00:00+00:00,1.1661807298660278,1.1661807298660278,1.1657729148864746,1.1657729148864746,40.07361035449822,1.1661960199234143,,-0.00010992894298356148,-8.32598386885403e-05
2025-09-04 02:15:00+00:00,1.1659088134765625,1.16604483127594,1.1657729148864746,1.1659088134765625,42.831553203139585,1.1661438005694411,,-0.00012654749673002286,-9.191737029683682e-05
2025-09-04 02:30:00+00:00,1.1657729148864746,1.1661807298660278,1.1657729148864746,1.1657729148864746,40.80896525591223,1.1660763668089016,,-0.00014896650760132246,-0.00010332719775773396
2025-09-04 02:45:00+00:00,1.1657729148864746,1.1657729148864746,1.1655012369155884,1.1656370162963867,38.83408247419662,1.1659964848975353,,-0.00017567454885947242,-0.00011779666797808166
2025-09-04 03:00:00+00:00,1.1656370162963867,1.1657729148864746,1.1655012369155884,1.1655012369155884,36.912063710155365,1.1659064398099086,,-0.0002054290668449532,-0.00013532314775145597
2025-09-04 03:15:00+00:00,1.1655012369155884,1.1659088134765625,1.1655012369155884,1.1657729148864746,42.99183093789185,1.1658821625511024,,-0.0002047276223828831,-0.00014920404267774142
2025-09-04 03:30:00+00:00,1.1657729148864746,1.1657729148864746,1.1656370162963867,1.1657729148864746,42.99183093789185,1.165862299339352,,-0.0002018449793157462,-0.00015973223000534238
2025-09-04 03:45:00+00:00,1.1656370162963867,1.1657729148864746,1.1655012369155884,1.1656370162963867,40.71552533949737,1.1658213387860854,,-0.00020812718376506112,-0.00016941122075728613
2025-09-04 04:00:00+00:00,1.1656370162963867,1.1659088134765625,1.1656370162963867,1.1657729148864746,43.913587984484366,1.1658125344407015,,-0.0001998364058906077,-0.00017549625778395046
2025-09-04 04:15:00+00:00,1.1657729148864746,1.1657729148864746,1.1653653383255005,1.1655012369155884,39.34426757162242,1.165755934890681,,-0.00021273576100666602,-0.0001829441584284936
2025-09-04 04:30:00+00:00,1.1655012369155884,1.1656370162963867,1.1653653383255005,1.1656370162963867,42.56106106092149,1.165734313328082,,-0.00020958635060952524,-0.00018827259686469993
2025-09-04 04:45:00+00:00,1.1656370162963867,1.1656370162963867,1.1653653383255005,1.1655012369155884,40.261595074673615,1.1656919357985376,,-0.00021556181898740867,-0.0001937304412892417
2025-09-04 05:00:00+00:00,1.1655012369155884,1.1655012369155884,1.1652295589447021,1.1653653383255005,38.046004982287066,1.1656325544398034,,-0.00022862782198007636,-0.00020070991742740865
2025-09-04 05:15:00+00:00,1.1653653383255005,1.1656370162963867,1.1653653383255005,1.1656370162963867,44.60845587948361,1.1656333656864548,,-0.0002145869568812575,-0.00020348532531817842
2025-09-04 05:30:00+00:00,1.1656370162963867,1.1657729148864746,1.1655012369155884,1.1657729148864746,47.59855264041445,1.1656587382682766,,-0.00019029993052188665,-0.00020084824635892008
2025-09-04 05:45:00+00:00,1.1657729148864746,1.1659088134765625,1.1655012369155884,1.1659088134765625,50.477470496605086,1.1657042064879648,,-0.00015826206017011124,-0.00019233100912115832
2025-09-04 06:00:00+00:00,1.1659088134765625,1.1663167476654053,1.1659088134765625,1.1661807298660278,55.71954493261856,1.165790847102158,,-0.00010966627244246574,-0.0001757980617854198
2025-09-04 06:15:00+00:00,1.1661807298660278,1.1664528846740723,1.16604483127594,1.1661807298660278,55.71954493261856,1.165861734877407,,-7.034289148832862e-05,-0.00015470702772600158
2025-09-04 06:30:00+00:00,1.1659088134765625,1.16604483127594,1.1656370162963867,1.1657729148864746,47.0557153725042,1.1658455857881465,,-7.126459547457387e-05,-0.00013801854127571604
2025-09-04 06:45:00+00:00,1.1657729148864746,1.1661807298660278,1.1655012369155884,1.1655012369155884,42.333337037674426,1.1657829769022268,,-9.284691285094127e-05,-0.0001289842155907611
2025-09-04 07:00:00+00:00,1.1657729148864746,1.16604483127594,1.1655012369155884,1.1656370162963867,45.28856240620516,1.1657564386102557,,-9.7866647793321e-05,-0.0001227607020312731
2025-09-04 07:15:00+00:00,1.1656370162963867,1.1656370162963867,1.1648223400115967,1.1656370162963867,45.28856240620516,1.1657347254622794,,-0.00010068419912667714,-0.00011834540145035391
2025-09-04 07:30:00+00:00,1.1656370162963867,1.1659088134765625,1.1656370162963867,1.1657729148864746,48.36040599642371,1.1657416689939513,,-9.090337091510747e-05,-0.00011285699534330462
2025-09-04 07:45:00+00:00,1.1656370162963867,1.1659088134765625,1.1650937795639038,1.1655012369155884,43.145134125047136,1.1656979540706125,,-0.00010387670978384556,-0.00011106093823141282
2025-09-04 08:00:00+00:00,1.1655012369155884,1.1661807298660278,1.1653653383255005,1.1655012369155884,43.14513412504713,1.1656621873151536,,-0.00011285722644993612,-0.00011142019587511749
2025-09-04 08:15:00+00:00,1.1656370162963867,1.1657729148864746,1.1653653383255005,1.1656370162963867,46.48994218245959,1.1656576107662868,,-0.00010777571794573504,-0.00011069130028924101
2025-09-04 08:30:00+00:00,1.1655012369155884,1.1661807298660278,1.1655012369155884,1.1659088134765625,52.512471648701855,1.1657032839863368,,-8.088443944020973e-05,-0.00010472992811943476
2025-09-04 08:45:00+00:00,1.1656370162963867,1.16604483127594,1.1653653383255005,1.16604483127594,55.228183627716334,1.1657653834935373,,-4.804359120846868e-05,-9.339266073724155e-05
2025-09-04 09:00:00+00:00,1.1661807298660278,1.1661807298660278,1.1653653383255005,1.1653653383255005,42.23420014384968,1.1656926480084397,,-7.597064244424523e-05,-8.990825707864229e-05
2025-09-04 09:15:00+00:00,1.1655012369155884,1.1655012369155884,1.1645511388778687,1.1645511388778687,32.39794916967121,1.1654851008937903,,-0.00016193543177100977,-0.00010431369201711579
2025-09-04 09:30:00+00:00,1.164686679840088,1.164958119392395,1.164686679840088,1.1648223400115967,37.61018886369644,1.1653645989152095,,-0.00020580706594031106,-0.00012461236680175484
2025-09-04 09:45:00+00:00,1.1648223400115967,1.1648223400115967,1.1642799377441406,1.1645511388778687,34.72673415742014,1.1652166970902385,,-0.00025946832769863093,-0.00015158355898113008
2025-09-04 10:00:00+00:00,1.164686679840088,1.1659088134765625,1.164686679840088,1.1659088134765625,53.81596309257215,1.1653425364332064,,-0.0001902491963863273,-0.00015931668646216953
2025-09-04 10:15:00+00:00,1.16604483127594,1.16604483127594,1.1655012369155884,1.1659088134765625,53.81596309257215,1.1654454958956346,,-0.00013384960123974388,-0.00015422326941768441
2025-09-04 10:30:00+00:00,1.1657729148864746,1.1661807298660278,1.1657729148864746,1.1659088134765625,53.81596309257215,1.1655297354558032,,-8.813653266348531e-05,-0.0001410059220668446
2025-09-04 10:45:00+00:00,1.1659088134765625,1.1659088134765625,1.1656370162963867,1.1656370162963867,50.14890489933823,1.165549241063182,,-7.299887185374665e-05,-0.000127404512024225
2025-09-04 11:00:00+00:00,1.1655012369155884,1.1656370162963867,1.164686679840088,1.164958119392395,42.380734718344094,1.1654417643957662,,-0.00011446400319758965,-0.00012481641025889793
2025-09-04 11:15:00+00:00,1.164958119392395,1.164958119392395,1.1645511388778687,1.164686679840088,39.730780563696264,1.1653044762947338,,-0.00016729979399920936,-0.00013331308700696023
2025-09-04 11:30:00+00:00,1.164686679840088,1.1648223400115967,1.1645511388778687,1.1645511388778687,38.43832260860281,1.1651675058553037,,-0.00021760119068470196,-0.0001501707077425086
2025-09-04 11:45:00+00:00,1.164686679840088,1.164958119392395,1.1644154787063599,1.164686679840088,40.52199947605509,1.1650800829434462,,-0.0002437189467634493,-0.00016888035554669673
2025-09-04 12:00:00+00:00,1.164958119392395,1.1652295589447021,1.164686679840088,1.164958119392395,44.56836284519836,1.165057907752346,,-0.0002397508546552185,-0.0001830544553684011
2025-09-04 12:15:00+00:00,1.1652295589447021,1.1657729148864746,1.164686679840088,1.1648223400115967,42.992751366689475,1.1650150772540278,,-0.0002447411507064956,-0.00019539179443602
2025-09-04 12:30:00+00:00,1.164686679840088,1.164686679840088,1.163602590560913,1.163873314857483,33.956735746507604,1.1648074840910194,,-0.00032156756417189847,-0.0002206269483831957
2025-09-04 12:45:00+00:00,1.163602590560913,1.164958119392395,1.163602590560913,1.164958119392395,47.53166235472763,1.1648348723276332,,-0.00029155749713138945,-0.00023481305813283446
2025-09-04 13:00:00+00:00,1.1650937795639038,1.1650937795639038,1.1641442775726318,1.1642799377441406,41.75360132504634,1.1647339751306345,,-0.00031882270432914694,-0.00025161498737209695
2025-09-04 13:15:00+00:00,1.1642799377441406,1.1656370162963867,1.1642799377441406,1.1655012369155884,52.86571668901758,1.1648734772733533,,-0.0002391254517979391,-0.0002491170802572654
2025-09-04 13:30:00+00:00,1.1656370162963867,1.1657729148864746,1.1653653383255005,1.1655012369155884,52.865716689017574,1.1649876153901233,,-0.0001739595080565426,-0.00023408556581712084
2025-09-04 13:45:00+00:00,1.1655012369155884,1.1657729148864746,1.1653653383255005,1.1653653383255005,51.59543169174196,1.1650562922874645,,-0.00013176203786113838,-0.00021362086022592435
2025-09-04 14:00:00+00:00,1.1641442775726318,1.1652295589447021,1.1641442775726318,1.1650937795639038,49.058688350720146,1.165063108155908,,-0.00011886258734672417,-0.00019466920565008433
2025-09-04 14:15:00+00:00,1.164686679840088,1.1650937795639038,1.1642799377441406,1.1644154787063599,43.32834541384901,1.164945357346899,,-0.00016151109096607108,-0.00018803758271328168
2025-09-04 14:30:00+00:00,1.1644154787063599,1.1644154787063599,1.163602590560913,1.1641442775726318,41.25352932005529,1.1647997064788504,,-0.00021471885699431148,-0.00019337383756948766
2025-09-04 14:45:00+00:00,1.1641442775726318,1.1641442775726318,1.1637378931045532,1.163873314857483,39.23213002845929,1.1646312716386018,,-0.0002755741739568496,-0.00020981390484696005
2025-09-04 15:00:00+00:00,1.1640088558197021,1.1641442775726318,1.1634671688079834,1.163873314857483,39.23213002845929,1.164493461314762,,-0.0003201123946658946,-0.00023187360281074696
2025-09-04 15:15:00+00:00,1.1640088558197021,1.1645511388778687,1.1640088558197021,1.1644154787063599,45.43631939510734,1.1644792826586887,,-0.00030810946973081066,-0.0002471207761947597
2025-09-04 15:30:00+00:00,1.1644154787063599,1.164958119392395,1.1644154787063599,1.164958119392395,50.8456044923691,1.164566343882999,,-0.00025190667359109575,-0.0002480779556740269
2025-09-04 15:45:00+00:00,1.1650937795639038,1.1653653383255005,1.164958119392395,1.1650937795639038,52.123465482995385,1.164662241279527,,-0.00019418051850550455,-0.00023729846824032246
2025-09-04 16:00:00+00:00,1.164958119392395,1.1652295589447021,1.163873314857483,1.1640088558197021,42.58803344513265,1.1645434439231952,,-0.00023328721399007435,-0.00023649621739027285
2025-09-04 16:15:00+00:00,1.1640088558197021,1.1644154787063599,1.1637378931045532,1.1640088558197021,42.58803344513265,1.1644462460861964,,-0.000261267819124944,-0.0002414505377372071
2025-09-04 16:30:00+00:00,1.1641442775726318,1.164686679840088,1.1640088558197021,1.1644154787063599,46.81706896690454,1.164440652017135,,-0.00024777538125930754,-0.0002427155064416272
2025-09-04 16:45:00+00:00,1.1642799377441406,1.1645511388778687,1.1642799377441406,1.1644154787063599,46.81706896690454,1.1644360750515395,,-0.00023438073186299313,-0.0002410485515259004
2025-09-04 17:00:00+00:00,1.1641442775726318,1.1641442775726318,1.163873314857483,1.1640088558197021,43.13229506935679,1.164358398827569,,-0.0002536524962930553,-0.0002435693404793314
2025-09-04 17:15:00+00:00,1.1640088558197021,1.1642799377441406,1.1640088558197021,1.1641442775726318,44.69351461423017,1.1643194676903077,,-0.00025505795541302945,-0.00024586706346607103
2025-09-04 17:30:00+00:00,1.1640088558197021,1.1641442775726318,1.163873314857483,1.1640088558197021,43.410080574732575,1.164262992804743,,-0.000264055330109203,-0.00024950471679469744
2025-09-04 17:45:00+00:00,1.1640088558197021,1.1641442775726318,1.163873314857483,1.1640088558197021,43.410080574732575,1.16421678608019,,-0.00026809537774741266,-0.0002532228489852405
2025-09-04 18:00:00+00:00,1.1641442775726318,1.164686679840088,1.1641442775726318,1.164686679840088,51.49560236270536,1.1643022213092622,,-0.0002141340074304221,-0.00024540508067427686
2025-09-04 18:15:00+00:00,1.1648223400115967,1.164958119392395,1.164686679840088,1.164958119392395,54.31088853382755,1.1644214755061955,,-0.00014776300933494468,-0.00022587666640641043
2025-09-04 18:30:00+00:00,1.1648223400115967,1.1650937795639038,1.1648223400115967,1.1648223400115967,52.6642336844886,1.1644943599617228,,-0.00010491043426008595,-0.00020168341997714554
2025-09-04 18:45:00+00:00,1.164958119392395,1.164958119392395,1.164686679840088,1.164686679840088,51.000464699701304,1.1645293272123345,,-8.096281294855956e-05,-0.00017753929857142835
2025-09-04 19:00:00+00:00,1.1648223400115967,1.1653653383255005,1.1648223400115967,1.1653653383255005,58.127231331184696,1.1646813292329101,,-7.139779603759777e-06,-0.00014345939477789464
2025-09-04 19:15:00+00:00,1.1653653383255005,1.1655012369155884,1.1650937795639038,1.1650937795639038,54.6989475347325,1.1647563202021816,,2.9117337101425278e-05,-0.00010894404840203067
2025-09-04 19:30:00+00:00,1.164958119392395,1.1653653383255005,1.164958119392395,1.1653653383255005,57.40443891864533,1.1648670507700576,,7.885489570602644e-05,-7.138425958041925e-05
2025-09-04 19:45:00+00:00,1.1653653383255005,1.1655012369155884,1.1653653383255005,1.1653653383255005,57.40443891864533,1.1649576485074107,,0.00011692443711175393,-3.372252024198461e-05
2025-09-04 20:00:00+00:00,1.1655012369155884,1.1655012369155884,1.1652295589447021,1.1653653383255005,57.40443891864533,1.1650317739288816,,0.00014541852867355765,2.1056895411238414e-06
2025-09-04 20:15:00+00:00,1.1653653383255005,1.1656370162963867,1.1652295589447021,1.1655012369155884,58.937258317206236,1.1651171308355555,,0.00017692668134383638,3.706988790166635e-05
2025-09-04 20:30:00+00:00,1.1655012369155884,1.1655012369155884,1.1655012369155884,1.1655012369155884,58.937258317206236,1.1651869683046523,,0.0001995962974661314,6.957516981455936e-05
2025-09-04 20:45:00+00:00,1.1655012369155884,1.1656370162963867,1.1652295589447021,1.1652295589447021,54.398641293131824,1.1651947120573884,,0.0001934104742724596,9.434223070613941e-05
2025-09-04 21:00:00+00:00,1.1656370162963867,1.1659088134765625,1.1648223400115967,1.1652295589447021,54.398641293131824,1.1652010478550818,,0.0001863599236304747,0.00011274576929100649
2025-09-04 21:15:00+00:00,1.1652295589447021,1.1655012369155884,1.1648223400115967,1.1655012369155884,58.13741371896157,1.1652556276842647,,0.0002003845448945718,0.00013027352441171957
2025-09-04 21:30:00+00:00,1.1652295589447021,1.1655012369155884,1.1652295589447021,1.1652295589447021,53.42064023658757,1.1652508879134351,,0.00018741659470444816,0.0001417021384702653
2025-09-04 21:45:00+00:00,1.1652295589447021,1.1653653383255005,1.1652295589447021,1.1652295589447021,53.42064023658757,1.16524700991912,,0.00017512071811998098,0.00014838585440020844
2025-09-04 22:00:00+00:00,1.1652295589447021,1.1656370162963867,1.1652295589447021,1.1653653383255005,55.51270018270608,1.1652685241748253,,0.0001743229224764331,0.0001535732680154534
2025-09-04 22:15:00+00:00,1.1653653383255005,1.1655012369155884,1.1653653383255005,1.1653653383255005,55.51270018270608,1.1652861267476753,,0.00017171128289850124,0.00015720087099206298
2025-09-04 22:30:00+00:00,1.1653653383255005,1.1656370162963867,1.1652295589447021,1.1652295589447021,52.76423871264811,1.1652758416925892,,0.0001568768992008529,0.00015713607663382097
2025-09-04 22:45:00+00:00,1.1652295589447021,1.1653653383255005,1.1652295589447021,1.1652295589447021,52.76423871264811,1.1652674266475187,,0.00014346674787990565,0.0001544022108830379
2025-09-04 23:00:00+00:00,1.1653653383255005,1.1653653383255005,1.1652295589447021,1.1653653383255005,55.32925352500049,1.165285228770788,,0.0001421566739698843,0.0001519531035004072
2025-09-04 23:15:00+00:00,1.1653653383255005,1.1655012369155884,1.1653653383255005,1.1655012369155884,57.79929623312973,1.1653245029789334,,0.00015035115687966893,0.00015163271417625954
2025-09-04 23:30:00+00:00,1.1655012369155884,1.1659088134765625,1.1655012369155884,1.1659088134765625,64.19394455659956,1.1654307412512295,,0.00018757116223566683,0.000158820403788141
2025-09-04 23:45:00+00:00,1.1659088134765625,1.16604483127594,1.1659088134765625,1.16604483127594,66.0431921240693,1.165542393982995,,0.00022544499473298174,0.00017214532197710916
2025-09-05 00:00:00+00:00,1.16604483127594,1.1661807298660278,1.1657729148864746,1.1657729148864746,59.43469180149748,1.1655843068745366,,0.00023085771568087665,0.00018388780071786266
2025-09-05 00:15:00+00:00,1.1657729148864746,1.16604483127594,1.1656370162963867,1.1659088134765625,61.50775413078787,1.165643308074905,,0.00024330850747689148,0.00019577194206966844
2025-09-05 00:30:00+00:00,1.1659088134765625,1.1661807298660278,1.1659088134765625,1.16604483127594,63.517353086929255,1.1657163122932748,,0.00026114107755259575,0.00020884576916625392
2025-09-05 00:45:00+00:00,1.16604483127594,1.1664528846740723,1.1659088134765625,1.1663167476654053,67.20361695652524,1.1658254823609349,1.1651321989267374,0.0002938278335800071,0.00022584218204900456
2025-09-05 01:00:00+00:00,1.1664528846740723,1.1667250394821167,1.1664528846740723,1.1665889024734497,70.42465068149146,1.1659642860177557,1.1651466934893913,0.0003377990050856816,0.00024823354665634
2025-09-05 01:15:00+00:00,1.1665889024734497,1.1667250394821167,1.1664528846740723,1.1667250394821167,71.9107711445607,1.1661026048294576,1.1651623984246424,0.0003792597241352169,0.0002744387821521154
2025-09-05 01:30:00+00:00,1.1665889024734497,1.1668611764907837,1.1665889024734497,1.1665889024734497,68.21916617796694,1.1661910225829106,1.16517659249478,0.0003965612130223395,0.00029886326832616024
2025-09-05 01:45:00+00:00,1.1667250394821167,1.1674060821533203,1.1667250394821167,1.1674060821533203,76.13790315734738,1.1664119425048032,1.1651987764714817,0.0004707854170915571,0.0003332476980792396
2025-09-05 02:00:00+00:00,1.1674060821533203,1.1678149700164795,1.1672697067260742,1.1676785945892334,78.09779423460058,1.1666422428837904,1.1652234512786237,0.0005453120913259113,0.00037566057672857396
2025-09-05 02:15:00+00:00,1.1675423383712769,1.1678149700164795,1.1675423383712769,1.1675423383712769,74.79012350649593,1.1668058966087878,1.1652465247820332,0.000586618111116044,0.000417852083606068
2025-09-05 02:30:00+00:00,1.1676785945892334,1.1676785945892334,1.1675423383712769,1.1676785945892334,75.88980982344157,1.1669645689688688,1.1652707244816074,0.0006231647125423123,0.0004589146093933169
2025-09-05 02:45:00+00:00,1.1675423383712769,1.1675423383712769,1.1671334505081177,1.1671334505081177,63.883106389241135,1.1669952747032777,1.1652892590689359,0.0006012092204361608,0.0004873735316018857
2025-09-05 03:00:00+00:00,1.1671334505081177,1.1674060821533203,1.1669973134994507,1.1672697067260742,65.35836583026627,1.1670451714346952,1.165308965015773,0.0005880256788175497,0.0005075039610450185
2025-09-05 03:15:00+00:00,1.1671334505081177,1.1675423383712769,1.1671334505081177,1.1675423383712769,68.16073688299767,1.1671355654231645,1.165331187636226,0.0005927439392314771,0.0005245519566823102
2025-09-05 03:30:00+00:00,1.1675423383712769,1.1675423383712769,1.1674060821533203,1.1675423383712769,68.16073688299765,1.167209524141003,1.1653531891360773,0.0005896856653195837,0.000537578698409765
2025-09-05 03:45:00+00:00,1.1674060821533203,1.1676785945892334,1.1674060821533203,1.1675423383712769,68.16073688299765,1.1672700358192345,1.1653749717155322,0.000580569517208529,0.0005461768621695177
2025-09-05 04:00:00+00:00,1.1674060821533203,1.1675423383712769,1.1674060821533203,1.1675423383712769,68.16073688299765,1.1673195453741512,1.1653965375529027,0.0005668110590906217,0.0005503037015537385
2025-09-05 04:15:00+00:00,1.1675423383712769,1.1675423383712769,1.1672697067260742,1.1672697067260742,61.47201067350838,1.1673104838017734,1.1654151760521383,0.0005278238616988062,0.0005458077335827521
2025-09-05 04:30:00+00:00,1.1672697067260742,1.1672697067260742,1.1669973134994507,1.1669973134994507,55.601200548540284,1.1672535437468055,1.1654309187133056,0.0004695338757301215,0.000530552962012226
2025-09-05 04:45:00+00:00,1.1669973134994507,1.1671334505081177,1.1668611764907837,1.1669973134994507,55.601200548540284,1.1672069564291045,1.1654465047310782,0.0004185142699060229,0.0005081452235909853
2025-09-05 05:00:00+00:00,1.1669973134994507,1.1672697067260742,1.1669973134994507,1.1672697067260742,60.02851405444845,1.167218365574008,1.1654646460444613,0.0003955016250745125,0.0004856165038876908
2025-09-05 05:15:00+00:00,1.1672697067260742,1.1674060821533203,1.1671334505081177,1.1672697067260742,60.02851405444845,1.167227700328929,1.1654826068472635,0.00037296463410885217,0.0004630861299319231
2025-09-05 05:30:00+00:00,1.1672697067260742,1.1675423383712769,1.1671334505081177,1.1675423383712769,64.17520860915161,1.1672849072457194,1.1655031016882984,0.00037280553158369756,0.000445030010262278
2025-09-05 05:45:00+00:00,1.1675423383712769,1.1680878400802612,1.1675423383712769,1.1680878400802612,70.72038862310939,1.167430895033818,1.1655288204782683,0.0004119481883666509,0.00043841364588315264
2025-09-05 06:00:00+00:00,1.1678149700164795,1.1680878400802612,1.1672697067260742,1.1672697067260742,54.60665540235365,1.1674015880687736,1.1655461427294904,0.00037265674661335346,0.00042526226602919285
2025-09-05 06:15:00+00:00,1.1675423383712769,1.1675423383712769,1.1668611764907837,1.1675423383712769,58.03785556639827,1.167427179032865,1.1655660053726924,0.0003593744463201709,0.00041208470208738845
2025-09-05 06:30:00+00:00,1.1675423383712769,1.1678149700164795,1.1674060821533203,1.1674060821533203,55.76897676966854,1.1674233432365841,1.1655843145943903,0.0003340032085175082,0.00039646840337341244
2025-09-05 06:45:00+00:00,1.1675423383712769,1.1676785945892334,1.1672697067260742,1.1672697067260742,53.51405102502814,1.1673954093255823,1.1656010846653524,0.0002994402022704623,0.00037706276315282246
2025-09-05 07:00:00+00:00,1.1672697067260742,1.1676785945892334,1.1669973134994507,1.1674060821533203,55.45375456186579,1.1673973498397163,1.1656190448393622,0.0002798274513755583,0.00035761570079736966
2025-09-05 07:15:00+00:00,1.1675423383712769,1.1676785945892334,1.1674060821533203,1.1675423383712769,57.367817070024486,1.1674237113909092,1.165638182088436,0.0002721418610656112,0.000340520932851018
2025-09-05 07:30:00+00:00,1.1675423383712769,1.1678149700164795,1.1674060821533203,1.1678149700164795,60.980511279774035,1.167494849322831,1.1656598416698096,0.00028476744877559135,0.00032937023603593266
2025-09-05 07:45:00+00:00,1.1676785945892334,1.1682243347167969,1.1676785945892334,1.1680878400802612,64.24623695907471,1.1676026658241818,1.1656840008579734,0.00031318149040227006,0.00032613248690920016
2025-09-05 08:00:00+00:00,1.1679514646530151,1.1680878400802612,1.1679514646530151,1.1680878400802612,64.24623695907471,1.1676908793252871,1.1657079196562052,0.0003318741840940831,0.00032728082634617676
2025-09-05 08:15:00+00:00,1.1682243347167969,1.168770432472229,1.1682243347167969,1.1683608293533325,67.41091378193605,1.1678126884212954,1.1657343167676195,0.0003645143370136772,0.00033472752847967684
2025-09-05 08:30:00+00:00,1.1682243347167969,1.1682243347167969,1.1679514646530151,1.1682243347167969,64.34421039811426,1.1678875332022955,1.1657590930656214,0.0003750446358223858,0.00034279094994821865
2025-09-05 08:45:00+00:00,1.1682243347167969,1.168770432472229,1.1682243347167969,1.1686338186264038,68.91323068814728,1.1680232214612243,1.1657876973000572,0.0004116862400904697,0.00035657000797666887
2025-09-05 09:00:00+00:00,1.1686338186264038,1.1693171262741089,1.1684973239898682,1.1693171262741089,74.73196602752941,1.1682584768817488,1.1658228159963164,0.000490211340800295,0.00038329827454139414
2025-09-05 09:15:00+00:00,1.1693171262741089,1.1695905923843384,1.1691803932189941,1.1693171262741089,74.73196602752941,1.1684509585894505,1.165857585252812,0.0005461474015751033,0.000415868099948136
2025-09-05 09:30:00+00:00,1.1693171262741089,1.1693171262741089,1.168770432472229,1.1689070463180542,66.11815451378246,1.1685338836310146,1.1658879281489836,0.0005510351176356565,0.0004429015034856401
2025-09-05 09:45:00+00:00,1.168770432472229,1.1691803932189941,1.168770432472229,1.1691803932189941,68.70733212473897,1.168651430828829,1.1659206889954514,0.0005703903731126836,0.0004683992774110488
2025-09-05 10:00:00+00:00,1.1690436601638794,1.1693171262741089,1.1690436601638794,1.1691803932189941,68.70733212473897,1.1687476058088588,1.1659531238633474,0.000579054571869797,0.0004905303363027985
2025-09-05 10:15:00+00:00,1.1691803932189941,1.169864296913147,1.1691803932189941,1.169864296913147,74.38681220854227,1.168950640555093,1.1659920410081215,0.0006338002693255795,0.0005191843229073547
2025-09-05 10:30:00+00:00,1.1697274446487427,1.169864296913147,1.1695905923843384,1.169864296913147,74.38681220854227,1.1691167598929209,1.1660305709176242,0.0006694694024396153,0.0005492413388138069
2025-09-05 10:45:00+00:00,1.1697274446487427,1.1700011491775513,1.1695905923843384,1.1695905923843384,68.60728117724761,1.1692029112549966,1.1660659940167954,0.0006679520440064923,0.0005729834798523441
2025-09-05 11:00:00+00:00,1.1693171262741089,1.1694538593292236,1.1691803932189941,1.1694538593292236,65.8545813057055,1.1692485381775832,1.1660997041194068,0.0006482437611337044,0.0005880355361086161
2025-09-05 11:15:00+00:00,1.1690436601638794,1.1690436601638794,1.168770432472229,1.168770432472229,54.15809890315998,1.1691616098675188,1.1661262785308777,0.0005708970237252586,0.0005846078336319446
2025-09-05 11:30:00+00:00,1.168770432472229,1.1689070463180542,1.1686338186264038,1.1686338186264038,52.163642498181,1.1690656478236796,1.1661512291785945,0.0004928938084394208,0.0005662650285934398
2025-09-05 11:45:00+00:00,1.168770432472229,1.1690436601638794,1.1682243347167969,1.1690436601638794,57.249961400967294,1.1690616500673523,1.1661800095864083,0.0004588570665930991,0.0005447834361933718
2025-09-05 12:00:00+00:00,1.1690436601638794,1.1704120635986328,1.1690436601638794,1.1702749729156494,68.1923879006319,1.1692822542215882,1.166220755490182,0.0005251853423067221,0.0005408638174160418
2025-09-05 12:15:00+00:00,1.1702749729156494,1.170548915863037,1.169864296913147,1.1702749729156494,68.19238790063191,1.1694627485295992,1.1662610959620772,0.0005711669219419235,0.0005469244383212181
2025-09-05 12:30:00+00:00,1.1742602586746216,1.1745359897613525,1.1727453470230103,1.1737089157104492,82.59870086834815,1.1702347789261174,1.166335203621265,0.0008746161098800442,0.0006124627726329834
2025-09-05 12:45:00+00:00,1.1737089157104492,1.1737089157104492,1.1726078987121582,1.1737089157104492,82.59870086834815,1.1708664401596323,1.1664085738908092,0.0011023940649896868,0.0007104490311043241
2025-09-05 13:00:00+00:00,1.1741223335266113,1.1741223335266113,1.1731581687927246,1.1737089157104492,82.59870086834815,1.1713832538961444,1.1664812141079202,0.0012682896815003897,0.0008220171611835373
2025-09-05 13:15:00+00:00,1.1732958555221558,1.173433542251587,1.1719207763671875,1.172333002090454,67.33629038771547,1.1715559353860188,1.166539440854015,0.001274051944903709,0.0009124241179275717
2025-09-05 13:30:00+00:00,1.172333002090454,1.1741223335266113,1.172195553779602,1.17384672164917,73.20278315673889,1.171972441979319,1.1666121501156586,0.0013847999856453352,0.0010068992914711245
2025-09-05 13:45:00+00:00,1.1739845275878906,1.175364375114441,1.1739845275878906,1.1750881671905518,76.87159654586404,1.1725389374722703,1.1666964885940156,0.0015548198899759669,0.001116483411172093
2025-09-05 14:00:00+00:00,1.1750881671905518,1.1761938333511353,1.1746740341186523,1.1748120784759521,74.43100294681082,1.172952235836576,1.1667772407321444,0.0016482834515778588,0.0012228434192532462
2025-09-05 14:15:00+00:00,1.1750881671905518,1.1750881671905518,1.17384672164917,1.17384672164917,66.48290099328717,1.173114869620684,1.1668475838258463,0.0016257175099376742,0.0013034182373901318
2025-09-05 14:30:00+00:00,1.1739845275878906,1.1739845275878906,1.1727453470230103,1.173433542251587,63.36409565786657,1.1731728100990297,1.1669131157504806,0.0015565507659971445,0.0013540447431115345
2025-09-05 14:45:00+00:00,1.173433542251587,1.1739845275878906,1.1730204820632935,1.1739845275878906,65.67646090891023,1.1733203950970044,1.1669834780573205,0.0015285750730309466,0.001388950809095417
2025-09-05 15:00:00+00:00,1.1741223335266113,1.1752262115478516,1.1739845275878906,1.1752262115478516,70.2357777182991,1.1736669071789765,1.1670654953059825,0.0015882888480198698,0.0014288184168803077
2025-09-05 15:15:00+00:00,1.1752262115478516,1.1752262115478516,1.1746740341186523,1.1749500036239624,68.0697132599793,1.1739001974417012,1.167143948125067,0.001594939306313048,0.0014620425947668558
2025-09-05 15:30:00+00:00,1.1750881671905518,1.1755025386810303,1.1748120784759521,1.1755025386810303,70.05895826105836,1.1741915322124883,1.1672271181803502,0.0016260507034735472,0.0014948442165081941
2025-09-05 15:45:00+00:00,1.1755025386810303,1.1761938333511353,1.1755025386810303,1.1761938333511353,72.37760625953173,1.1745555869649695,1.1673163392268258,0.0016870412509610855,0.0015332836233987726
2025-09-05 16:00:00+00:00,1.1763322353363037,1.1763322353363037,1.1756407022476196,1.1760554313659668,71.18898226277295,1.174828285946969,1.1674032953675137,0.0017045597124154543,0.001567538841202109
2025-09-05 16:15:00+00:00,1.1760554313659668,1.1760554313659668,1.175364375114441,1.1755025386810303,66.49125280622988,1.1749508773531618,1.1674838848532205,0.0016547544214529086,0.001584981957252269
2025-09-05 16:30:00+00:00,1.1755025386810303,1.1755025386810303,1.1745359897613525,1.1748120784759521,61.07130722291483,1.174925641193669,1.1675568022027005,0.0015417961352912624,0.0015763447928600679
2025-09-05 16:45:00+00:00,1.1748120784759521,1.1748120784759521,1.1741223335266113,1.1741223335266113,56.14755886509285,1.174779585254204,1.1676221308725903,0.0013807033380914824,0.0015372165019063508
2025-09-05 17:00:00+00:00,1.1742602586746216,1.1742602586746216,1.1730204820632935,1.1732958555221558,50.856610767447314,1.1745098162120133,1.1676785858442278,0.0011728266523163278,0.0014643385319883463
2025-09-05 17:15:00+00:00,1.173433542251587,1.1737089157104492,1.1732958555221558,1.1735711097717285,52.463254140049436,1.1743391423137797,1.1677372179231085,0.001018552361121472,0.0013751812978149715
2025-09-05 17:30:00+00:00,1.1737089157104492,1.17384672164917,1.173433542251587,1.1735711097717285,52.463254140049436,1.1741995000334067,1.1677952665982192,0.0008860747556425075,0.0012773599893804788
2025-09-05 17:45:00+00:00,1.17384672164917,1.17384672164917,1.1728830337524414,1.1728830337524414,47.92118551296973,1.1739601425277766,1.1678458911470175,0.0007172947867841728,0.0011653469488612177
2025-09-05 18:00:00+00:00,1.1727453470230103,1.1727453470230103,1.1724703311920166,1.1726078987121582,46.198826904298976,1.173714280015846,1.1678932743068697,0.0005549373745017405,0.0010432650339893222
2025-09-05 18:15:00+00:00,1.1724703311920166,1.1726078987121582,1.172195553779602,1.172195553779602,43.665816063086886,1.1734381479728926,1.1679360830578422,0.0003885165882133723,0.0009123153448341323
2025-09-05 18:30:00+00:00,1.17205810546875,1.172333002090454,1.1719207763671875,1.1719207763671875,42.01274248717135,1.1731622622264006,1.1679757317474875,0.00023178282715985432,0.0007762088412992768
2025-09-05 18:45:00+00:00,1.171783447265625,1.17205810546875,1.171783447265625,1.17205810546875,43.17069089973149,1.1729615064522823,1.16801635238153,0.0001172993492264407,0.0006444269428847096
2025-09-05 19:00:00+00:00,1.172195553779602,1.1726078987121582,1.17205810546875,1.172333002090454,45.516088250779084,1.1728472329319497,1.1680593041199272,4.819664717259364e-05,0.0005251808837422864
2025-09-05 19:15:00+00:00,1.172333002090454,1.1726078987121582,1.172195553779602,1.172195553779602,44.52658298417823,1.172728745813341,1.1681004608329588,-1.745743361736274e-05,0.00041665322027035654
2025-09-05 19:30:00+00:00,1.172195553779602,1.172333002090454,1.1719207763671875,1.1719207763671875,42.53575546372944,1.1725818422776768,1.1681384739228517,-9.061643655283724e-05,0.0003151992889057178
2025-09-05 19:45:00+00:00,1.171783447265625,1.172195553779602,1.1716461181640625,1.17205810546875,43.88611931805716,1.1724866174033264,1.1681774752317662,-0.000135947049707541,0.00022497002118306608
2025-09-05 20:00:00+00:00,1.17205810546875,1.172195553779602,1.1719207763671875,1.172195553779602,45.27230612991602,1.1724336967444673,1.1682174561128393,-0.00015894869561905445,0.00014818627782264197
2025-09-05 20:15:00+00:00,1.172333002090454,1.172333002090454,1.17205810546875,1.172195553779602,45.27230612991602,1.1723903980235826,1.1682570391742002,-0.00017515854702399025,8.351731285331554e-05
2025-09-05 20:30:00+00:00,1.172195553779602,1.1726078987121582,1.17205810546875,1.1726078987121582,49.60381989713239,1.1724299436033234,1.1683003313089062,-0.00015296885140214656,3.6220080002223124e-05
2025-09-05 20:45:00+00:00,1.1724703311920166,1.1724703311920166,1.172195553779602,1.172333002090454,46.93672331284192,1.1724123178737107,1.1683404573863345,-0.0001557696027014721,-2.17785653851592e-06
2025-09-05 21:00:00+00:00,1.172333002090454,1.172333002090454,1.172333002090454,1.172333002090454,46.93672331284192,1.1723978968222095,1.168380184199311,-0.00015618877135259446,-3.298003950133163e-05
2025-09-05 21:15:00+00:00,1.172333002090454,1.172333002090454,1.172333002090454,1.172333002090454,46.93672331284193,1.1723860977800722,1.1684195157206159,-0.00015473725082171264,-5.733148176540783e-05
2025-09-07 23:00:00+00:00,1.1710972785949707,1.1713716983795166,1.1710972785949707,1.1710972785949707,36.05312533616795,1.1721517670191446,1.168446160127326,-0.0002504128654206017,-9.594775849644661e-05
2025-09-07 23:15:00+00:00,1.1710972785949707,1.1713716983795166,1.1710972785949707,1.1713716983795166,39.412962568777935,1.172009936357394,1.168475269960681,-0.00030062764771621175,-0.00013688373634039965
2025-09-07 23:30:00+00:00,1.1713716983795166,1.1716461181640625,1.1713716983795166,1.1716461181640625,42.65755255464436,1.1719437875949699,1.168506820689073,-0.0003146527205739602,-0.0001724375331871118
2025-09-07 23:45:00+00:00,1.1719207763671875,1.1719207763671875,1.1715089082717896,1.1716461181640625,42.65755255464436,1.1718896658802593,1.168538057479869,-0.0003220552395299947,-0.00020236107445568838
2025-09-08 00:00:00+00:00,1.1710972785949707,1.1712344884872437,1.1709601879119873,1.1709601879119873,36.92515458419344,1.171720669886028,1.1685621582801886,-0.0003789028714757947,-0.00023766943385970966
2025-09-08 00:15:00+00:00,1.1709601879119873,1.1713716983795166,1.1709601879119873,1.1713716983795166,41.963919388841134,1.1716572205212077,1.1685901139030674,-0.0003862965871690438,-0.0002673948645215765
2025-09-08 00:30:00+00:00,1.1713716983795166,1.1713716983795166,1.1709601879119873,1.1709601879119873,38.639723657215676,1.1715304873195311,1.1686136967290268,-0.00042051418989785816,-0.00029801872959683286
2025-09-08 00:45:00+00:00,1.1709601879119873,1.1716461181640625,1.1709601879119873,1.1716461181640625,46.278786944302226,1.1715515111094459,1.168643870076639,-0.0003878125857175174,-0.0003159775008209698
2025-09-08 01:00:00+00:00,1.1719207763671875,1.17205810546875,1.171783447265625,1.1719207763671875,49.0158528846462,1.171618650247217,1.1686764761093809,-0.0003358620980253857,-0.000319954420261853
2025-09-08 01:15:00+00:00,1.171783447265625,1.171783447265625,1.1712344884872437,1.1713716983795166,44.17077652367106,1.171573749907635,1.1687032942414222,-0.0003351337537156329,-0.000322990286952609
2025-09-08 01:30:00+00:00,1.1713716983795166,1.171783447265625,1.1710972785949707,1.1712344884872437,43.02623005261751,1.1715120660130183,1.1687284802538185,-0.00034168944398227374,-0.000326730118358542
2025-09-08 01:45:00+00:00,1.1713716983795166,1.171783447265625,1.1710972785949707,1.1715089082717896,46.037864155754036,1.1715114918782494,1.1687561462042462,-0.00032104073480887507,-0.00032559224164860866
2025-09-08 02:00:00+00:00,1.171783447265625,1.171783447265625,1.1713716983795166,1.1715089082717896,46.037864155754036,1.1715110221316203,1.1687835368715849,-0.0003012043873391601,-0.00032071467078671897
2025-09-08 02:15:00+00:00,1.1715089082717896,1.171783447265625,1.1713716983795166,1.1715089082717896,46.03786415575404,1.1715106377934692,1.16881065499497,-0.0002822305608334297,-0.0003130178487960611
2025-09-08 02:30:00+00:00,1.1715089082717896,1.1719207763671875,1.1715089082717896,1.1716461181640625,47.762255061316075,1.1715352705881226,1.1688388685588416,-0.00025320320608690494,-0.0003010549202542299
2025-09-08 02:45:00+00:00,1.171783447265625,1.17205810546875,1.171783447265625,1.171783447265625,49.50160128517421,1.1715803936203957,1.1688681678494564,-0.00021662044191739227,-0.0002841680245868624
2025-09-08 03:00:00+00:00,1.1719207763671875,1.1719207763671875,1.1716461181640625,1.171783447265625,49.50160128517422,1.1716173124649827,1.1688971756048412,-0.00018549012307333967,-0.00026443244428415785
2025-09-08 03:15:00+00:00,1.171783447265625,1.1719207763671875,1.1716461181640625,1.1716461181640625,47.66110440137241,1.1716225498648154,1.1689245282671221,-0.00016994145261572946,-0.00024553424595047217
2025-09-08 03:30:00+00:00,1.1715089082717896,1.1716461181640625,1.1713716983795166,1.1713716983795166,44.1301751678049,1.1715769405038519,1.1689488782184894,-0.00017771382806008873,-0.0002319701623723955
2025-09-08 03:45:00+00:00,1.1713716983795166,1.1713716983795166,1.1710972785949707,1.1712344884872437,42.43729096600733,1.1715146765008322,1.1689716206092233,-0.0001927235856629128,-0.00022412084703049898
2025-09-08 04:00:00+00:00,1.1713716983795166,1.1715089082717896,1.1709601879119873,1.1710972785949707,40.753674901940755,1.1714387859724937,1.1689927714349522,-0.00021323260555417,-0.0002219431987352332
2025-09-08 04:15:00+00:00,1.1709601879119873,1.1715089082717896,1.1709601879119873,1.1715089082717896,47.48478225515529,1.1714515354814565,1.1690178076223834,-0.00019403436936293872,-0.00021636143286077433
2025-09-08 04:30:00+00:00,1.1716461181640625,1.1716461181640625,1.1715089082717896,1.1716461181640625,49.54262954092221,1.1714869141510211,1.1690439599660818,-0.0001658362798653279,-0.00020625640226168505
2025-09-08 04:45:00+00:00,1.171783447265625,1.171783447265625,1.1716461181640625,1.1716461181640625,49.54262954092221,1.1715158603352105,1.1690698520874547,-0.00014185388746845717,-0.00019337589930303948
2025-09-08 05:00:00+00:00,1.1716461181640625,1.17205810546875,1.1716461181640625,1.1719207763671875,53.75004860399524,1.1715894814319334,1.1690982194932233,-9.953763918768566e-05,-0.00017460824727996872
2025-09-08 05:15:00+00:00,1.17205810546875,1.172195553779602,1.1719207763671875,1.172195553779602,57.56257870261549,1.1716996764042367,1.169129038739854,-4.3329985679019245e-05,-0.00014835259495977882
2025-09-08 05:30:00+00:00,1.172333002090454,1.172333002090454,1.1719207763671875,1.1719207763671875,52.869162041412274,1.1717398763975004,1.1691568172237081,-2.071842696116377e-05,-0.00012282576136005583
2025-09-08 05:45:00+00:00,1.1719207763671875,1.172333002090454,1.171783447265625,1.171783447265625,50.64654359644721,1.171747798373523,1.1691829528460158,-1.3721738894023616e-05,-0.0001010049568668494
2025-09-08 06:00:00+00:00,1.1719207763671875,1.1726078987121582,1.171783447265625,1.1726078987121582,61.194015589303426,1.1719041802532748,1.1692170319093607,5.768457642485458e-05,-6.92670502085086e-05
2025-09-08 06:15:00+00:00,1.1724703311920166,1.1724703311920166,1.1716461181640625,1.17205810546875,53.0516808405589,1.1719321666560885,1.1692453012980113,6.911417070298853e-05,-4.1590806026209176e-05
2025-09-08 06:30:00+00:00,1.17205810546875,1.1724703311920166,1.1719207763671875,1.17205810546875,53.0516808405589,1.171955064622027,1.1692732893992128,7.728135515772117e-05,-1.781637378942311e-05
2025-09-08 06:45:00+00:00,1.172195553779602,1.1731581687927246,1.17205810546875,1.1730204820632935,63.036281056483595,1.1721487768840753,1.1693105748983579,0.0001595702296639523,1.7660946901251975e-05
2025-09-08 07:00:00+00:00,1.1728830337524414,1.1731581687927246,1.1724703311920166,1.1730204820632935,63.036281056483595,1.1723072687348421,1.1693474893975115,0.00022222310593322803,5.857337870764719e-05
2025-09-08 07:15:00+00:00,1.1732958555221558,1.1732958555221558,1.1728830337524414,1.1731581687927246,64.29619682181874,1.1724619778362753,1.1693854066054241,0.0002797612169713748,0.0001028109463603927
2025-09-08 07:30:00+00:00,1.1731581687927246,1.1735711097717285,1.1730204820632935,1.1735711097717285,67.83700879664087,1.1726636381881759,1.1694270553931485,0.00035459393229819725,0.00015316754354795361
2025-09-08 07:45:00+00:00,1.1737089157104492,1.1737089157104492,1.1731581687927246,1.1735711097717285,67.83700879664087,1.172828633021549,1.1694682897650748,0.0004091825960750306,0.00020437055405336902
2025-09-08 08:00:00+00:00,1.1737089157104492,1.1745359897613525,1.1737089157104492,1.1742602586746216,73.01644016070648,1.1730889285948347,1.169515971047757,0.0005022632839251084,0.00026394910002771693
2025-09-08 08:15:00+00:00,1.1741223335266113,1.1741223335266113,1.1731581687927246,1.1731581687927246,57.162834951845376,1.1731015177217237,1.1695522118213388,0.000481549948682769,0.0003074692697587274
2025-09-08 08:30:00+00:00,1.1732958555221558,1.1735711097717285,1.1732958555221558,1.1732958555221558,58.37869293369648,1.1731368518672567,1.1695894620074168,0.00047081736018617093,0.00034013888784421614
2025-09-08 08:45:00+00:00,1.1732958555221558,1.173433542251587,1.1730204820632935,1.173433542251587,59.61317979735752,1.1731907955734984,1.1696277115620852,0.0004680267537668925,0.00036571646102875145
2025-09-08 09:00:00+00:00,1.1732958555221558,1.173433542251587,1.1724703311920166,1.1726078987121582,50.03042942139154,1.173084814325982,1.1696573651655686,0.000394643440705833,0.0003715018569641678
2025-09-08 09:15:00+00:00,1.1727453470230103,1.1728830337524414,1.1724703311920166,1.1724703311920166,48.62780762891617,1.1729730901198063,1.1696853548772745,0.0003216779836729966,0.0003615370823059336
2025-09-08 09:30:00+00:00,1.1726078987121582,1.1731581687927246,1.1726078987121582,1.1731581687927246,55.36577680907127,1.1730067407876095,1.1697199102396174,0.00031571570504351776,0.0003523728068534504
2025-09-08 09:45:00+00:00,1.1730204820632935,1.1731581687927246,1.1727453470230103,1.1727453470230103,51.03900050327193,1.1729592146485914,1.1697500140882084,0.0002745148532052877,0.0003368012161238179
2025-09-08 10:00:00+00:00,1.1726078987121582,1.1727453470230103,1.1724703311920166,1.1726078987121582,49.647816119613054,1.1728953390237853,1.1697784507511333,0.00022814207151800048,0.00031506938720265445
2025-09-08 10:15:00+00:00,1.1724703311920166,1.1728830337524414,1.1724703311920166,1.1728830337524414,52.44225714052635,1.1728931017017228,1.1698093421242808,0.0002111583047883503,0.0002942871707197936
2025-09-08 10:30:00+00:00,1.1727453470230103,1.1730204820632935,1.1726078987121582,1.1730204820632935,53.821049539944596,1.1729162617674629,1.169841293765465,0.000206410110013433,0.0002767117585785215
2025-09-08 10:45:00+00:00,1.1730204820632935,1.1732958555221558,1.1730204820632935,1.1730204820632935,53.821049539944596,1.1729352109121594,1.1698729274798714,0.0002003377624260061,0.00026143695934801843
2025-09-08 11:00:00+00:00,1.1730204820632935,1.173433542251587,1.1730204820632935,1.173433542251587,58.05903412330113,1.173025816610237,1.169908356482575,0.00022624784401004128,0.000254399136280423
2025-09-08 11:15:00+00:00,1.173433542251587,1.173433542251587,1.1727453470230103,1.1728830337524414,51.30160306676789,1.1729998560906376,1.1699379552613796,0.0002000542345614864,0.00024353015593663572
2025-09-08 11:30:00+00:00,1.1730204820632935,1.1737089157104492,1.1730204820632935,1.1732958555221558,55.48563724782887,1.1730536741690953,1.1699713672042729,0.00021018400668504356,0.0002368609260863173
2025-09-08 11:45:00+00:00,1.1731581687927246,1.173433542251587,1.1730204820632935,1.1732958555221558,55.485637247828876,1.173097707142379,1.170004446690023,0.0002157251785004366,0.00023263377656914118
2025-09-08 12:00:00+00:00,1.173433542251587,1.1735711097717285,1.1730204820632935,1.1732958555221558,55.485637247828876,1.1731337341205201,1.1700371970266612,0.00021760814583737798,0.00022962865042278855
2025-09-08 12:15:00+00:00,1.1732958555221558,1.173433542251587,1.1727453470230103,1.1728830337524414,50.10855714464329,1.1730881522354148,1.1700655138100025,0.00018367188909174104,0.00022043729815657907
2025-09-08 12:30:00+00:00,1.1731581687927246,1.1739845275878906,1.1731581687927246,1.17384672164917,59.88229171980474,1.1732260739470066,1.170103137768601,0.00023186591458168593,0.00022272302144160045
2025-09-08 12:45:00+00:00,1.1737089157104492,1.1745359897613525,1.173433542251587,1.1741223335266113,62.16511901824489,1.1733890302342074,1.1701431297661933,0.00028896855252980025,0.00023597212765924042
2025-09-08 13:00:00+00:00,1.1742602586746216,1.175364375114441,1.1741223335266113,1.175364375114441,70.35254300063097,1.1737481838487953,1.1701950824562257,0.00042949423824167887,0.00027467654977572815
2025-09-08 13:15:00+00:00,1.175364375114441,1.1755025386810303,1.1752262115478516,1.1755025386810303,71.10169402041367,1.1740671574546562,1.1702478929659252,0.000545719783775267,0.00032888519657563593
2025-09-08 13:30:00+00:00,1.1755025386810303,1.1757789850234985,1.175364375114441,1.1755025386810303,71.10169402041367,1.1743281358594515,1.1703001779979163,0.0006305606552470255,0.0003892202883099139
2025-09-08 13:45:00+00:00,1.1755025386810303,1.1759172677993774,1.175364375114441,1.175364375114441,69.07733803001045,1.1745165429967221,1.1703505680189763,0.0006788239520256756,0.0004471410210530662
2025-09-08 14:00:00+00:00,1.1756407022476196,1.1756407022476196,1.1749500036239624,1.1749500036239624,63.260087810068484,1.1745953540198566,1.1703963335473841,0.0006758459151956497,0.0004928819998815829
2025-09-08 14:15:00+00:00,1.1750881671905518,1.1750881671905518,1.1745359897613525,1.1750881671905518,64.33846462131405,1.1746849564145283,1.1704430184592565,0.0006768323427608358,0.0005296720684574335
2025-09-08 14:30:00+00:00,1.1750881671905518,1.175364375114441,1.1743981838226318,1.1743981838226318,55.566877359780094,1.1746328159432744,1.1704823733384941,0.0006148505875120946,0.0005467077722683658
2025-09-08 14:45:00+00:00,1.1746740341186523,1.1749500036239624,1.1745359897613525,1.1749500036239624,60.23605408176783,1.1746904864306722,1.1705268273711855,0.0006033023521665459,0.0005580266882480019
2025-09-08 15:00:00+00:00,1.1748120784759521,1.175364375114441,1.1748120784759521,1.1752262115478516,62.3677125793195,1.174787890997432,1.1705735874127445,0.0006094130294891364,0.0005683039564962288
2025-09-08 15:15:00+00:00,1.175364375114441,1.1755025386810303,1.1750881671905518,1.1752262115478516,62.3677125793195,1.174867585642963,1.170619882180258,0.0006072557193630423,0.0005760943090695915
2025-09-08 15:30:00+00:00,1.1750881671905518,1.175364375114441,1.1748120784759521,1.1750881671905518,60.48817703240958,1.174907691378888,1.1706643427276242,0.0005876331405409996,0.0005784020753638731
2025-09-08 15:45:00+00:00,1.1750881671905518,1.175364375114441,1.1748120784759521,1.175364375114441,62.89750541048943,1.1749907247853522,1.1707111092190354,0.0005875963317965027,0.0005802409266503991
2025-09-08 16:00:00+00:00,1.1755025386810303,1.1755025386810303,1.1752262115478516,1.175364375114441,62.89750541048943,1.1750586612088227,1.1707574103722236,0.0005808712385433346,0.0005803669890289862
2025-09-08 16:15:00+00:00,1.1752262115478516,1.1752262115478516,1.1748120784759521,1.1748120784759521,55.105181468207036,1.1750138279846645,1.1707977553284796,0.0005249248240803972,0.0005692785560392684
2025-09-08 16:30:00+00:00,1.1746740341186523,1.1746740341186523,1.1739845275878906,1.1741223335266113,47.23478930867908,1.1748517380832002,1.1708308357085606,0.00042008772477775125,0.000539440389786965
2025-09-08 16:45:00+00:00,1.1742602586746216,1.1745359897613525,1.1741223335266113,1.1743981838226318,50.29249385653041,1.1747692736721878,1.1708663317096957,0.0003551682235847231,0.0005025859565465166
2025-09-08 17:00:00+00:00,1.1743981838226318,1.1743981838226318,1.1739845275878906,1.1741223335266113,47.33826034836814,1.1746516481911737,1.1708987297377247,0.00027825271358206116,0.0004577193079536256
2025-09-08 17:15:00+00:00,1.1741223335266113,1.1749500036239624,1.1741223335266113,1.1748120784759521,54.530463320975606,1.1746808173338608,1.17093766853114,0.0002698426921474706,0.0004201439847923946
2025-09-08 17:30:00+00:00,1.1748120784759521,1.1748120784759521,1.1745359897613525,1.1745359897613525,51.4986174949071,1.1746544850479501,1.1709734727224854,0.00023815434265483937,0.0003837460563648836
2025-09-08 17:45:00+00:00,1.1746740341186523,1.1746740341186523,1.1742602586746216,1.1742602586746216,48.592842445860704,1.1745828075255267,1.1710061770603177,0.0001886176363596892,0.00034472037236384475
2025-09-08 18:00:00+00:00,1.1743981838226318,1.1750881671905518,1.1743981838226318,1.1750881671905518,56.52493789717726,1.1746746911009858,1.171046793877534,0.0002137013220278039,0.0003185165622966366
2025-09-08 18:15:00+00:00,1.1750881671905518,1.1756407022476196,1.1750881671905518,1.1756407022476196,60.86496317582173,1.1748503294912829,1.1710925044085796,0.0002749953102572089,0.00030981231188875107
2025-09-08 18:30:00+00:00,1.1756407022476196,1.1757789850234985,1.1755025386810303,1.1756407022476196,60.86496317582173,1.1749940336287985,1.1711377601084705,0.0003198838160181072,0.00031182661271462233
2025-09-08 18:45:00+00:00,1.1757789850234985,1.1766090393066406,1.1757789850234985,1.1764705181121826,66.66173612216377,1.17526248535305,1.171190822377164,0.0004176036109693193,0.00033298201236556176
2025-09-08 19:00:00+00:00,1.1764705181121826,1.176885962486267,1.1764705181121826,1.176885962486267,69.1272722894825,1.1755576630136348,1.1712474904379513,0.0005225465501204063,0.0003708949199165307
2025-09-08 19:15:00+00:00,1.176747441291809,1.176885962486267,1.1766090393066406,1.1766090393066406,65.64242215229478,1.1757488223396357,1.1713008391829134,0.0005767211171763265,0.0004120601593684899
2025-09-08 19:30:00+00:00,1.1766090393066406,1.1766090393066406,1.1763322353363037,1.1763322353363037,62.26359063054122,1.175854897429939,1.1713509028262308,0.0005905120297180488,0.0004477505334384017
2025-09-08 19:45:00+00:00,1.1764705181121826,1.176885962486267,1.1764705181121826,1.1766090393066406,64.24555855021862,1.1759920141347937,1.171403222592205,0.0006166686223094686,0.0004815341512126151
2025-09-08 20:00:00+00:00,1.1766090393066406,1.1766090393066406,1.1763322353363037,1.1764705181121826,62.477137144935995,1.1760790148579552,1.1714536434431502,0.0006190839927613379,0.0005090441195223597
2025-09-08 20:15:00+00:00,1.1764705181121826,1.1764705181121826,1.1763322353363037,1.1764705181121826,62.477137144935995,1.1761501972678146,1.171503562594086,0.0006139212887819046,0.0005300195533742687
2025-09-08 20:30:00+00:00,1.1764705181121826,1.176747441291809,1.1763322353363037,1.1763322353363037,60.54756696877873,1.176183295098449,1.1715516090890334,0.0005918490766048112,0.0005423854580203772
2025-09-08 20:45:00+00:00,1.1763322353363037,1.1766090393066406,1.1763322353363037,1.1766090393066406,63.01025661787446,1.176260703136302,1.171601931777766,0.0005898925424576706,0.0005518868749078359
2025-09-08 21:00:00+00:00,1.1766090393066406,1.1766090393066406,1.1761938333511353,1.1763322353363037,59.04129883058256,1.1762737089908477,1.1716489994748658,0.0005595559947946249,0.0005534206988851937
2025-09-08 21:15:00+00:00,1.1766090393066406,1.176747441291809,1.1761938333511353,1.1763322353363037,59.04129883058257,1.176284350144567,1.1716955988366713,0.000529411337853114,0.0005486188266787778
2025-09-08 21:30:00+00:00,1.1763322353363037,1.1764705181121826,1.1761938333511353,1.1763322353363037,59.04129883058257,1.1762930565430645,1.1717417345232348,0.0004997605514989178,0.0005388471716428058
2025-09-08 21:45:00+00:00,1.1763322353363037,1.1764705181121826,1.1761938333511353,1.1764705181121826,60.590184827964,1.176325322282904,1.1717887870962593,0.0004818657061176346,0.0005274508785377717
2025-09-08 22:00:00+00:00,1.1766090393066406,1.176747441291809,1.1766090393066406,1.176747441291809,63.56188559390535,1.1764020711936138,1.1718381269390012,0.0004844449190097855,0.0005188496866321744
2025-09-08 22:15:00+00:00,1.176747441291809,1.176885962486267,1.1766090393066406,1.1766090393066406,61.082823114109274,1.1764397017596187,1.1718855987038534,0.00046990431583204817,0.0005090606124721493
2025-09-08 22:30:00+00:00,1.1766090393066406,1.176747441291809,1.1766090393066406,1.1766090393066406,61.082823114109274,1.1764704904045316,1.1719325981128366,0.0004531570704269239,0.0004978799040631042
2025-09-08 22:45:00+00:00,1.176747441291809,1.176747441291809,1.1766090393066406,1.176747441291809,62.76700146380576,1.1765208451113092,1.1719805070001896,0.0004459124402749204,0.00048748641130546747
2025-09-08 23:00:00+00:00,1.176747441291809,1.1773016452789307,1.176747441291809,1.177024483680725,65.94408003745593,1.1766124157602937,1.1720306958228817,0.0004572550722885538,0.00048144014350208475
2025-09-08 23:15:00+00:00,1.177024483680725,1.1777175664901733,1.177024483680725,1.1775789260864258,71.23425944560638,1.1767881449104995,1.1720859020941607,0.0005051598895937648,0.00048618409272042077
2025-09-08 23:30:00+00:00,1.1775789260864258,1.1775789260864258,1.1773016452789307,1.1773016452789307,65.73478620456268,1.1768815086138507,1.1721378000362979,0.0005148160793109202,0.0004919104900385206
2025-09-08 23:45:00+00:00,1.177163004875183,1.1773016452789307,1.177163004875183,1.177163004875183,63.111211793774785,1.1769326897522747,1.1721878020744958,0.0005054549868610536,0.0004946193894030273
2025-09-09 00:00:00+00:00,1.177163004875183,1.1773016452789307,1.177024483680725,1.177163004875183,63.111211793774785,1.176974565229167,1.1722373065799754,0.0004923606268290026,0.0004941676368882224
2025-09-09 00:15:00+00:00,1.177163004875183,1.1777175664901733,1.177024483680725,1.1775789260864258,67.60912829462237,1.1770844490213959,1.1722904570228256,0.0005096694655717382,0.0004972680026249256
2025-09-09 00:30:00+00:00,1.1774401664733887,1.1777175664901733,1.1774401664733887,1.1774401664733887,64.77161177616583,1.177149124921758,1.1723416979128811,0.0005063531796085652,0.0004990850380216536
2025-09-09 00:45:00+00:00,1.1774401664733887,1.1775789260864258,1.1773016452789307,1.1775789260864258,66.29500497612156,1.1772272705880613,1.172393809636001,0.0005090536861804829,0.0005010787676534194
2025-09-09 01:00:00+00:00,1.1774401664733887,1.1775789260864258,1.1774401664733887,1.1775789260864258,66.29500497612156,1.1772912079514002,1.1724454028345126,0.0005053682860736153,0.0005019366713374586
2025-09-09 01:15:00+00:00,1.1773016452789307,1.1773016452789307,1.177163004875183,1.177163004875183,57.63144990065305,1.1772678983011788,1.1724923441483501,0.000463542781548254,0.0004942578933796177
2025-09-09 01:30:00+00:00,1.177163004875183,1.1775789260864258,1.177024483680725,1.1774401664733887,61.26419243399983,1.1772992197870351,1.1725415762112859,0.0004476007299216711,0.0004849264606880284
2025-09-09 01:45:00+00:00,1.1774401664733887,1.1781338453292847,1.1774401664733887,1.1778563261032104,65.98077085884177,1.1774005118445214,1.1725944592947877,0.0004632075747024178,0.0004805826834909063
2025-09-09 02:00:00+00:00,1.1778563261032104,1.177994966506958,1.1778563261032104,1.177994966506958,67.40468617508014,1.177508594510419,1.1726481956849586,0.0004812160741918259,0.00048070936163109026
2025-09-09 02:15:00+00:00,1.1778563261032104,1.1778563261032104,1.1777175664901733,1.1777175664901733,61.82835289839741,1.1775465894158288,1.1726986371855082,0.0004677125773053792,0.00047811000476594807
2025-09-09 02:30:00+00:00,1.1775789260864258,1.1777175664901733,1.1775789260864258,1.1777175664901733,61.828352898397405,1.1775776761566186,1.1727485767805794,0.00045180285664159214,0.0004728485751410769
2025-09-09 02:45:00+00:00,1.1777175664901733,1.1777175664901733,1.177163004875183,1.177163004875183,51.87769122260339,1.1775022813781757,1.1727925014382372,0.0003899506918869644,0.0004562689984902544
2025-09-09 03:00:00+00:00,1.1773016452789307,1.1773016452789307,1.177024483680725,1.177024483680725,49.72495989843134,1.1774154090695483,1.172834610714282,0.00032599701234325984,0.00043021460126085555
2025-09-09 03:15:00+00:00,1.177024483680725,1.177024483680725,1.176747441291809,1.177024483680725,49.724959898431344,1.1773443317261258,1.1728763009925551,0.00027217578748883753,0.00039860683850645196
2025-09-09 03:30:00+00:00,1.176885962486267,1.177024483680725,1.176885962486267,1.177024483680725,49.724959898431344,1.177286177536053,1.1729175764421886,0.0002269064428026546,0.00036426675936569253
2025-09-09 03:45:00+00:00,1.177024483680725,1.177024483680725,1.176747441291809,1.176747441291809,45.054775134916795,1.177188225491645,1.1729556845501452,0.0001667529315503291,0.0003247639938026199
2025-09-09 04:00:00+00:00,1.176747441291809,1.177024483680725,1.176747441291809,1.177024483680725,50.101733928501844,1.1771584542532958,1.1729961701136336,0.0001398240414336449,0.0002877760033288249
2025-09-09 04:15:00+00:00,1.177024483680725,1.1773016452789307,1.177024483680725,1.1773016452789307,54.595121112479276,1.1771844889852294,1.1730390106625421,0.00013924222890349114,0.00025806924844375817
2025-09-09 04:30:00+00:00,1.1774401664733887,1.1775789260864258,1.1773016452789307,1.1775789260864258,58.610697838676664,1.1772562048218105,1.173084183950342,0.0001593188535429224,0.00023831916946359105
2025-09-09 04:45:00+00:00,1.1775789260864258,1.177994966506958,1.1775789260864258,1.1777175664901733,60.4921099319262,1.1773400887615126,1.1731302872591962,0.00018429243663864447,0.00022751382289860173
2025-09-09 05:00:00+00:00,1.1777175664901733,1.1781338453292847,1.1777175664901733,1.1778563261032104,62.33739768981759,1.1774339500963666,1.1731773125213258,0.0002128275784329947,0.00022457657400548034
2025-09-09 05:15:00+00:00,1.1778563261032104,1.1778563261032104,1.1775789260864258,1.1777175664901733,59.352012350877125,1.1774855167134224,1.1732224891777323,0.00022168964257729407,0.0002239991877198431
2025-09-09 05:30:00+00:00,1.1777175664901733,1.1781338453292847,1.1775789260864258,1.1781338453292847,64.79852511146771,1.177603394643579,1.1732713583931706,0.0002593139062936345,0.00023106213143460138
2025-09-09 05:45:00+00:00,1.177994966506958,1.1782727241516113,1.177994966506958,1.1782727241516113,66.41532758800884,1.1777250909177668,1.173321123226588,0.00029691511404883464,0.00024423272795744805
2025-09-09 06:00:00+00:00,1.1781338453292847,1.1781338453292847,1.1775789260864258,1.1777175664901733,55.451242792329325,1.1777237228400224,1.1733648689307035,0.0002787050204766661,0.0002511271864612917
2025-09-09 06:15:00+00:00,1.1777175664901733,1.1777175664901733,1.177024483680725,1.177024483680725,45.379260495384536,1.1775965884474229,1.1734012830078182,0.00020597307039471602,0.00024209636324797656
2025-09-09 06:30:00+00:00,1.177024483680725,1.1773016452789307,1.1766090393066406,1.1766090393066406,40.61689396689548,1.1774170340581898,1.173433200980941,0.00011350121561282123,0.0002163773337209455
2025-09-09 06:45:00+00:00,1.1761938333511353,1.176885962486267,1.1760554313659668,1.176885962486267,44.77710787282456,1.1773204755905673,1.173467556816815,6.18490335673183e-05,0.00018547167369022008
2025-09-09 07:00:00+00:00,1.1766090393066406,1.177163004875183,1.1766090393066406,1.176885962486267,44.77710787282456,1.1772414732079672,1.1735015708035756,2.0675967479677482e-05,0.00015251253244811158
2025-09-09 07:15:00+00:00,1.177024483680725,1.177024483680725,1.1764705181121826,1.176747441291809,43.02833434188782,1.1771516492232112,1.1735338680223641,-2.2867880066890223e-05,0.00011743644994511123
2025-09-09 07:30:00+00:00,1.176747441291809,1.176885962486267,1.1759172677993774,1.1759172677993774,34.365858327497335,1.1769272162370596,1.173557583443031,-0.00012294749357999457,6.935966124009008e-05
2025-09-09 07:45:00+00:00,1.1756407022476196,1.1757789850234985,1.1752262115478516,1.1756407022476196,32.05090761599979,1.176693304602616,1.1735783109933253,-0.00022201854540648824,1.1084019910774412e-05
2025-09-09 08:00:00+00:00,1.1755025386810303,1.1757789850234985,1.1748120784759521,1.1749500036239624,27.13484804800865,1.1763763407883152,1.1735919596762172,-0.0003522066551870928,-6.157411510879904e-05
2025-09-09 08:15:00+00:00,1.1755025386810303,1.1760554313659668,1.1748120784759521,1.1759172677993774,40.82366879539699,1.1762928729721447,1.1736150970704775,-0.00037303146047862334,-0.00012386558418276392
2025-09-09 08:30:00+00:00,1.1759172677993774,1.1764705181121826,1.1755025386810303,1.1763322353363037,45.54973561604991,1.176300029765628,1.1736421332721276,-0.00035199329688695435,-0.000169491126723602
2025-09-09 08:45:00+00:00,1.1760554313659668,1.1763322353363037,1.1760554313659668,1.1763322353363037,45.54973561604991,1.1763058853239328,1.173668900456846,-0.00033149908556140417,-0.00020189271849116246
2025-09-09 09:00:00+00:00,1.1763322353363037,1.177024483680725,1.1763322353363037,1.176747441291809,50.16800161104453,1.176386168227183,1.17369953270396,-0.00027854275732508427,-0.00021722272625794684
2025-09-09 09:15:00+00:00,1.177024483680725,1.177163004875183,1.176747441291809,1.176885962486267,51.64162987336504,1.1764770399106528,1.1737312384729384,-0.0002228283563590061,-0.0002183438522781587
2025-09-09 09:30:00+00:00,1.177163004875183,1.1774401664733887,1.177163004875183,1.177163004875183,54.537302859951915,1.1766017608132946,1.173765385402314,-0.00015453787037400524,-0.00020558265589732804
2025-09-09 09:45:00+00:00,1.177163004875183,1.1774401664733887,1.176885962486267,1.177163004875183,54.537302859951915,1.1767038051881833,1.173799192561248,-9.9272813031126e-05,-0.00018432068732408764
2025-09-09 10:00:00+00:00,1.177024483680725,1.1773016452789307,1.176747441291809,1.176747441291809,49.39217001469749,1.1767117390252062,1.1738285283695125,-8.799303614526188e-05,-0.0001650551570883225
2025-09-09 10:15:00+00:00,1.177024483680725,1.1773016452789307,1.176747441291809,1.176885962486267,51.04992272572603,1.1767434160181263,1.17385895059953,-6.710271069487739e-05,-0.00014546466780963348
2025-09-09 10:30:00+00:00,1.176885962486267,1.176885962486267,1.1759172677993774,1.1759172677993774,40.94826013974535,1.176593207251081,1.1738794313676877,-0.00012724573317735022,-0.00014182088088317683
2025-09-09 10:45:00+00:00,1.1760554313659668,1.1760554313659668,1.1756407022476196,1.1756407022476196,38.59982303741516,1.1764200245231788,1.1738969564510702,-0.00019497845026905658,-0.0001524523947603528
2025-09-09 11:00:00+00:00,1.1757789850234985,1.1757789850234985,1.1755025386810303,1.1756407022476196,38.59982303741516,1.1762783295639863,1.1739143071555136,-0.00024582341721801626,-0.0001711265992518855
2025-09-09 11:15:00+00:00,1.1756407022476196,1.1756407022476196,1.1752262115478516,1.1755025386810303,37.35846428024042,1.176137276676176,1.173930110454275,-0.00029387940612579655,-0.0001956771606266677
2025-09-09 11:30:00+00:00,1.1755025386810303,1.1755025386810303,1.1750881671905518,1.1750881671905518,33.843152681513885,1.1759465294969715,1.1739416334068749,-0.0003612363322185175,-0.00022878899494503769
2025-09-09 11:45:00+00:00,1.1752262115478516,1.1752262115478516,1.1745359897613525,1.1745359897613525,29.81682044391161,1.175690067726859,1.1739475474004517,-0.0004539405412331554,-0.00027381930420266123
2025-09-09 12:00:00+00:00,1.1745359897613525,1.1748120784759521,1.1741223335266113,1.1748120784759521,34.04214438548725,1.175530433317603,1.1739561496997104,-0.0004993747614763233,-0.00031893039565739366
